CREATE DATABASE PHARMACY
GO

USE PHARMACY
GO

CREATE TABLE SUPPLIERS (
	SUP_ID VARCHAR(6) PRIMARY KEY,
	SUP_NAME NVARCHAR(50) NOT NULL,
	SUP_ADD NVARCHAR(50) NOT NULL UNIQUE,
	SUP_PHONE CHAR(10) NOT NULL UNIQUE,
	SUP_MAIL VARCHAR(50) NOT NULL UNIQUE,
);
GO

CREATE TABLE CUSTOMER (
	C_ID VARCHAR(10) PRIMARY KEY,
	C_NAME NVARCHAR(50) NOT NULL,
	C_SEX NVARCHAR(3) CHECK (C_SEX IN('Nam',N'Nữ')) NOT NULL,
	C_DATE_OF_BIRTH DATE NOT NULL,
	C_PHONE CHAR(10) UNIQUE NOT NULL,
	C_MAIL VARCHAR(50) DEFAULT NULL UNIQUE,
);
GO

CREATE TABLE MEDICINES (
		MED_BARCODE CHAR(13) UNIQUE NOT NULL,
		MED_ID VARCHAR(6) PRIMARY KEY,
		MED_NAME VARCHAR(50) NOT  NULL,
		MED_QTY INT NOT NULL,
		MED_UNIT NVARCHAR(20) CHECK (MED_UNIT IN (N'Vỉ', N'Hộp', N'Lọ')) NOT NULL,
		MED_CATEGORY NVARCHAR(50) NOT NULL,
		MED_PRICE DECIMAL(13,4) NOT NULL,
		MED_STATUS NVARCHAR(20) CHECK (MED_STATUS IN (N'Còn hàng', N'Hết hàng')) NOT NULL,	
);
GO

CREATE TABLE EMPLOYEE (
	EMP_ID VARCHAR(10) PRIMARY KEY,
	EMP_NAME NVARCHAR(100) NOT NULL,
	EMP_SEX NVARCHAR(3) CHECK (EMP_SEX IN('Nam',N'Nữ')) NOT NULL, 
	EMP_DATE_OF_BIRTH DATE NOT NULL,
	EMP_TYPE VARCHAR(10) CHECK (EMP_TYPE IN ('ADMIN', 'MANAGER', 'PHARMACIST')) NOT NULL,
	EMP_JOB_DATE DATE NOT NULL,
	EMP_PHONE CHAR(10) NOT NULL UNIQUE,
	EMP_MAIL VARCHAR(50) UNIQUE DEFAULT NULL,
	EMP_STORE NVARCHAR(50) FOREIGN KEY (EMP_STORE) REFERENCES SUPPLIERS(SUP_ADD),
);	
GO

CREATE TABLE ACCOUNT (
	ID VARCHAR(10) PRIMARY KEY ,
	USERNAME VARCHAR(50),
	PASSWORD VARBINARY(MAX),
	RANDOMKEY VARCHAR(50),
	OTP VARCHAR(50),
	OTPDATESEND DATETIME,
	DATECRATED DATE,
	ACTIVE BIT,
	EMAIL VARCHAR(50),
	LEVEL VARCHAR(10),
);	
GO

CREATE TABLE PURCHASE (
	P_ID CHAR(6),
	SUP_ID VARCHAR(6) NOT NULL,
	MED_ID VARCHAR(6) NOT NULL,
	P_QTY INT NOT NULL,
	P_UNIT NVARCHAR(20) CHECK (P_UNIT IN (N'Vỉ', N'Hộp', N'Lọ')) NOT NULL,
	P_COST DECIMAL(11,4) NOT NULL,
	PUR_DATE DATE NOT NULL,
	MFG_DATE DATE,
	EXP_DATE DATE,
	P_STATUS NVARCHAR(20) CHECK (P_STATUS IN (N'Đã giao', N'Chưa giao')) NOT NULL,

	PRIMARY KEY (P_ID,MED_ID),
	FOREIGN KEY (SUP_ID) REFERENCES SUPPLIERS(SUP_ID),
	FOREIGN KEY (MED_ID) REFERENCES MEDICINES(MED_ID),
);
GO

CREATE TABLE BILL(
	B_MED_NAME VARCHAR(50) PRIMARY KEY,
	B_MED_QTY INT,
	B_MED_PRICE DECIMAL(13,4),
	B_MED_TOTAL DECIMAL(13,4)
);
GO

CREATE TABLE SALES (
	S_ID INT PRIMARY KEY,
	S_DATE DATE NOT NUll,
	S_TIME TIME NOT NULL,
	C_ID VARCHAR(10) NOT NULL FOREIGN KEY (C_ID) REFERENCES CUSTOMER(C_ID),
	S_AMT DECIMAl(20,2) DEFAULT NULL,
	EMP_ID VARCHAR(10) NOT NULL FOREIGN KEY (EMP_ID) REFERENCES EMPLOYEE(EMP_ID),
);
GO

CREATE TABLE SALES_ITEMS (
	S_ID INT NOT NULL,
	MED_NAME VARCHAR(50) NOT NULL,
	ST_QTY INT NOT NULL,
	ST_UNIT NVARCHAR(20) CHECK (ST_UNIT IN (N'Vỉ', N'Hộp', N'Lọ')) NOT NULL,
	TOTAL_PRICE decimal(20,2) NOT NULL,

	PRIMARY KEY (S_ID,MED_NAME),
	FOREIGN KEY (S_ID) REFERENCES SALES(S_ID),
);
GO

CREATE TABLE MED_REQ (
	MED_ID VARCHAR(6) PRIMARY KEY,
	MED_NAME VARCHAR(50) NOT NULL,
	MED_QTY INT NOT NULL,
	MED_UNIT NVARCHAR(20) CHECK (MED_UNIT IN (N'Vỉ', N'Hộp', N'Lọ')) NOT NULL,
	MED_REQ_P DECIMAL(11,4) NOT NULL,
	SUP_ID VARCHAR(6) NOT NULL,
	MED_REQ_D DATE NOT NULL,
	MED_REQ_STATUS NVARCHAR(20) CHECK (MED_REQ_STATUS IN (N'Đã duyệt', N'Chưa duyệt', N'Từ chối')) NOT NULL,
);	
GO


INSERT INTO SUPPLIERS (SUP_ID, SUP_NAME, SUP_ADD, SUP_PHONE, SUP_MAIL) VALUES ('XYZ123', 'XYZ Pharmaceuticals', 'Store 50', '0285632145', 'xyz@xyzpharma.com');
INSERT INTO SUPPLIERS (SUP_ID, SUP_NAME, SUP_ADD, SUP_PHONE, SUP_MAIL) VALUES ('ABC136', 'ABC PharmaSupply', 'Store 6', '0284561235', 'abc@pharmsupp.com');
INSERT INTO SUPPLIERS (SUP_ID, SUP_NAME, SUP_ADD, SUP_PHONE, SUP_MAIL) VALUES ('DPL145', 'Daily Pharma Ltd', 'Store 3', '0284699321', 'daily@dpharma.com');
INSERT INTO SUPPLIERS (SUP_ID, SUP_NAME, SUP_ADD, SUP_PHONE, SUP_MAIL) VALUES ('MA156', 'MedAll', 'Store 9', '0284692637', 'mainid@medall.com');
INSERT INTO SUPPLIERS (SUP_ID, SUP_NAME, SUP_ADD, SUP_PHONE, SUP_MAIL) VALUES ('MHP162', 'MedHead Pharmaceuticals', 'Store 25', '0284561335', 'mhp@pharmsupp.com');

INSERT INTO CUSTOMER (C_ID, C_NAME, C_SEX, C_DATE_OF_BIRTH,C_PHONE, C_MAIL) VALUES ('KH01',N'Nguyễn Thị Ngọc Hoa', N'Nữ', '2003-02-09', '0912345678', 'hoantn@gmail.com');
INSERT INTO CUSTOMER (C_ID, C_NAME, C_SEX, C_DATE_OF_BIRTH,C_PHONE, C_MAIL) VALUES ('KH02',N'Nguyễn Thị Anh Thư', N'Nữ', '2000-06-19', '0985234567', 'thunta@gmail.com');
INSERT INTO CUSTOMER (C_ID, C_NAME, C_SEX, C_DATE_OF_BIRTH,C_PHONE, C_MAIL) VALUES ('KH03',N'Phạm Anh Khoa', 'Nam', '2001-04-17', '0888456789', 'khoapa@gmail.com');
INSERT INTO CUSTOMER (C_ID, C_NAME, C_SEX, C_DATE_OF_BIRTH,C_PHONE, C_MAIL) VALUES ('KH04',N'Huỳnh Thanh Nam', 'Nam', '1999-12-22', '0943567890', 'namht@gmail.com');
INSERT INTO CUSTOMER (C_ID, C_NAME, C_SEX, C_DATE_OF_BIRTH,C_PHONE, C_MAIL) VALUES ('KH05',N'Phạm Thị Quỳnh Nhi', N'Nữ', '1998-03-25', '0899234567', 'nhiptq@gmail.com');
INSERT INTO CUSTOMER (C_ID, C_NAME, C_SEX, C_DATE_OF_BIRTH, C_PHONE, C_MAIL) VALUES ('KH06', N'Lê Văn Hòa', N'Nam', '1990-01-15', '0901234567', 'hoalv@gmail.com');
INSERT INTO CUSTOMER (C_ID, C_NAME, C_SEX, C_DATE_OF_BIRTH, C_PHONE, C_MAIL) VALUES ('KH07', N'Nguyễn Thị Thanh', N'Nữ', '1985-07-20', '0912345677', 'thanhtt@gmail.com');
INSERT INTO CUSTOMER (C_ID, C_NAME, C_SEX, C_DATE_OF_BIRTH, C_PHONE, C_MAIL) VALUES ('KH08', N'Phạm Hữu Tài', N'Nam', '1993-05-10', '0923456789', 'taiph@gmail.com');
INSERT INTO CUSTOMER (C_ID, C_NAME, C_SEX, C_DATE_OF_BIRTH, C_PHONE, C_MAIL) VALUES ('KH09', N'Trần Thị Minh', N'Nữ', '1997-09-30', '0934567890', 'minhtt@gmail.com');
INSERT INTO CUSTOMER (C_ID, C_NAME, C_SEX, C_DATE_OF_BIRTH, C_PHONE, C_MAIL) VALUES ('KH10', N'Vũ Hoàng Anh', N'Nam', '1988-02-25', '0945678901', 'anhvh@gmail.com');
INSERT INTO CUSTOMER (C_ID, C_NAME, C_SEX, C_DATE_OF_BIRTH, C_PHONE, C_MAIL) VALUES ('KH11', N'Lý Thị Kim Chi', N'Nữ', '1995-06-18', '0956789012', 'chiltk@gmail.com');
INSERT INTO CUSTOMER (C_ID, C_NAME, C_SEX, C_DATE_OF_BIRTH, C_PHONE, C_MAIL) VALUES ('KH12', N'Nguyễn Văn Phong', N'Nam', '1992-11-05', '0967890123', 'phongnv@gmail.com');
INSERT INTO CUSTOMER (C_ID, C_NAME, C_SEX, C_DATE_OF_BIRTH, C_PHONE, C_MAIL) VALUES ('KH13', N'Hoàng Thị Thu', N'Nữ', '1991-04-17', '0978901234', 'thuhth@gmail.com');
INSERT INTO CUSTOMER (C_ID, C_NAME, C_SEX, C_DATE_OF_BIRTH, C_PHONE, C_MAIL) VALUES ('KH14', N'Phan Tuấn Kiệt', N'Nam', '1999-12-08', '0989012345', 'kietpt@gmail.com');
INSERT INTO CUSTOMER (C_ID, C_NAME, C_SEX, C_DATE_OF_BIRTH, C_PHONE, C_MAIL) VALUES ('KH15', N'Trịnh Thị Cẩm Tú', N'Nữ', '1986-03-12', '0990123456', 'tuct@gmail.com');

INSERT INTO MEDICINES (MED_BARCODE, MED_ID, MED_NAME, MED_QTY, MED_UNIT, MED_CATEGORY, MED_PRICE, MED_STATUS) VALUES (8801234567894, 123001, 'Dolo 650 MG', 625, N'Vỉ', N'Viên', 23000.0000, N'Còn hàng');
INSERT INTO MEDICINES (MED_BARCODE, MED_ID, MED_NAME, MED_QTY, MED_UNIT, MED_CATEGORY, MED_PRICE, MED_STATUS) VALUES (4712345678912, 123002, 'Panadol Cold & Flu', 90, N'Vỉ', N'Viên', 63685.2280, N'Còn hàng');
INSERT INTO MEDICINES (MED_BARCODE, MED_ID, MED_NAME, MED_QTY, MED_UNIT, MED_CATEGORY, MED_PRICE, MED_STATUS) VALUES (6971234567897, 123003, 'Livogen', 25, N'Vỉ', N'Viên', 127370.4560, N'Còn hàng');
INSERT INTO MEDICINES (MED_BARCODE, MED_ID, MED_NAME, MED_QTY, MED_UNIT, MED_CATEGORY, MED_PRICE, MED_STATUS) VALUES (5012345678900, 123004, 'Gelusil', 440, N'Vỉ', N'Viên', 31078.3913, N'Còn hàng');
INSERT INTO MEDICINES (MED_BARCODE, MED_ID, MED_NAME, MED_QTY, MED_UNIT, MED_CATEGORY, MED_PRICE, MED_STATUS) VALUES (7891234567895, 123005, 'Cyclopam', 120, N'Vỉ', N'Viên', 152844.5472, N'Còn hàng');
INSERT INTO MEDICINES (MED_BARCODE, MED_ID, MED_NAME, MED_QTY, MED_UNIT, MED_CATEGORY, MED_PRICE, MED_STATUS) VALUES (5991234567892, 123006, 'Benadryl 200 ML', 35, N'Vỉ', N'Siro', 1273704.5598, N'Còn hàng');
INSERT INTO MEDICINES (MED_BARCODE, MED_ID, MED_NAME, MED_QTY, MED_UNIT, MED_CATEGORY, MED_PRICE, MED_STATUS) VALUES (9312345678901, 123007, 'Lopamide', 15, N'Vỉ', N'Viên', 127370.4560, N'Còn hàng');
INSERT INTO MEDICINES (MED_BARCODE, MED_ID, MED_NAME, MED_QTY, MED_UNIT, MED_CATEGORY, MED_PRICE, MED_STATUS) VALUES (8001234567910, 123031, 'Glibenclamide 5mg', 90, N'Hộp', N'Viên', 1800000.0000, N'Còn hàng');
INSERT INTO MEDICINES (MED_BARCODE, MED_ID, MED_NAME, MED_QTY, MED_UNIT, MED_CATEGORY, MED_PRICE, MED_STATUS) VALUES (3801234567898, 123008, 'Vitamic C', 90, N'Vỉ', N'Viên', 76422.2736, N'Còn hàng');
INSERT INTO MEDICINES (MED_BARCODE, MED_ID, MED_NAME, MED_QTY, MED_UNIT, MED_CATEGORY, MED_PRICE, MED_STATUS) VALUES (6291234567891, 123009, 'Omeprazole', 35, N'Vỉ', N'Viên', 101896.3648, N'Còn hàng');
INSERT INTO MEDICINES (MED_BARCODE, MED_ID, MED_NAME, MED_QTY, MED_UNIT, MED_CATEGORY, MED_PRICE, MED_STATUS) VALUES (7501234567894, 123010, 'Concur 5 MG', 600, N'Vỉ', N'Viên', 89159.3192, N'Còn hàng');
INSERT INTO MEDICINES (MED_BARCODE, MED_ID, MED_NAME, MED_QTY, MED_UNIT, MED_CATEGORY, MED_PRICE, MED_STATUS) VALUES (8001234567890, 123011, 'Augmentin 250 ML', 0, N'Vỉ', N'Siro', 2037927.2957, N'Hết hàng');
INSERT INTO MEDICINES (MED_BARCODE, MED_ID, MED_NAME, MED_QTY, MED_UNIT, MED_CATEGORY, MED_PRICE, MED_STATUS) VALUES (8001234567891, 123012, 'Paracetamol 500mg', 120, N'Vỉ', N'Viên', 1500000.0000, N'Còn hàng');
INSERT INTO MEDICINES (MED_BARCODE, MED_ID, MED_NAME, MED_QTY, MED_UNIT, MED_CATEGORY, MED_PRICE, MED_STATUS) VALUES (8001234567892, 123013, 'Aspirin 100mg', 50, N'Hộp', N'Viên', 1200000.0000, N'Còn hàng');
INSERT INTO MEDICINES (MED_BARCODE, MED_ID, MED_NAME, MED_QTY, MED_UNIT, MED_CATEGORY, MED_PRICE, MED_STATUS) VALUES (8001234567893, 123014, 'Amoxicillin 250mg', 200, N'Vỉ', N'Viên', 1800000.0000, N'Còn hàng');
INSERT INTO MEDICINES (MED_BARCODE, MED_ID, MED_NAME, MED_QTY, MED_UNIT, MED_CATEGORY, MED_PRICE, MED_STATUS) VALUES (8001234567894, 123015, 'Ibuprofen 400mg', 150, N'Lọ', N'Siro', 2500000.0000, N'Còn hàng');
INSERT INTO MEDICINES (MED_BARCODE, MED_ID, MED_NAME, MED_QTY, MED_UNIT, MED_CATEGORY, MED_PRICE, MED_STATUS) VALUES (8001234567895, 123016, 'Cetirizine 10mg', 90, N'Vỉ', N'Viên', 3000000.0000, N'Còn hàng');
INSERT INTO MEDICINES (MED_BARCODE, MED_ID, MED_NAME, MED_QTY, MED_UNIT, MED_CATEGORY, MED_PRICE, MED_STATUS) VALUES (8001234567896, 123017, 'Clindamycin 150mg', 60, N'Hộp', N'Viên', 3500000.0000, N'Còn hàng');
INSERT INTO MEDICINES (MED_BARCODE, MED_ID, MED_NAME, MED_QTY, MED_UNIT, MED_CATEGORY, MED_PRICE, MED_STATUS) VALUES (8001234567897, 123018, 'Doxycycline 100mg', 80, N'Vỉ', N'Viên', 4000000.0000, N'Còn hàng');
INSERT INTO MEDICINES (MED_BARCODE, MED_ID, MED_NAME, MED_QTY, MED_UNIT, MED_CATEGORY, MED_PRICE, MED_STATUS) VALUES (8001234567898, 123019, 'Loratadine 10mg', 200, N'Lọ', N'Siro', 1500000.0000, N'Còn hàng');
INSERT INTO MEDICINES (MED_BARCODE, MED_ID, MED_NAME, MED_QTY, MED_UNIT, MED_CATEGORY, MED_PRICE, MED_STATUS) VALUES (8001234567899, 123020, 'Metformin 500mg', 100, N'Hộp', N'Viên', 5000000.0000, N'Còn hàng');
INSERT INTO MEDICINES (MED_BARCODE, MED_ID, MED_NAME, MED_QTY, MED_UNIT, MED_CATEGORY, MED_PRICE, MED_STATUS) VALUES (8001234567900, 123021, 'Salbutamol 100mcg', 150, N'Vỉ', N'Xịt', 2000000.0000, N'Còn hàng');
INSERT INTO MEDICINES (MED_BARCODE, MED_ID, MED_NAME, MED_QTY, MED_UNIT, MED_CATEGORY, MED_PRICE, MED_STATUS) VALUES (8001234567901, 123022, 'Hydrochlorothiazide 25mg', 80, N'Hộp', N'Viên', 1200000.0000, N'Còn hàng');
INSERT INTO MEDICINES (MED_BARCODE, MED_ID, MED_NAME, MED_QTY, MED_UNIT, MED_CATEGORY, MED_PRICE, MED_STATUS) VALUES (8001234567902, 123023, 'Omeprazole 20mg', 110, N'Vỉ', N'Viên', 3500000.0000, N'Còn hàng');
INSERT INTO MEDICINES (MED_BARCODE, MED_ID, MED_NAME, MED_QTY, MED_UNIT, MED_CATEGORY, MED_PRICE, MED_STATUS) VALUES (8001234567903, 123024, 'Prednisolone 5mg', 130, N'Lọ', N'Siro', 2000000.0000, N'Còn hàng');
INSERT INTO MEDICINES (MED_BARCODE, MED_ID, MED_NAME, MED_QTY, MED_UNIT, MED_CATEGORY, MED_PRICE, MED_STATUS) VALUES (8001234567904, 123025, 'Diphenhydramine 25mg', 120, N'Vỉ', N'Viên', 2500000.0000, N'Còn hàng');
INSERT INTO MEDICINES (MED_BARCODE, MED_ID, MED_NAME, MED_QTY, MED_UNIT, MED_CATEGORY, MED_PRICE, MED_STATUS) VALUES (8001234567905, 123026, 'Ciprofloxacin 500mg', 100, N'Hộp', N'Viên', 2800000.0000, N'Còn hàng');
INSERT INTO MEDICINES (MED_BARCODE, MED_ID, MED_NAME, MED_QTY, MED_UNIT, MED_CATEGORY, MED_PRICE, MED_STATUS) VALUES (8001234567906, 123027, 'Lorazepam 1mg', 200, N'Vỉ', N'Viên', 3500000.0000, N'Còn hàng');
INSERT INTO MEDICINES (MED_BARCODE, MED_ID, MED_NAME, MED_QTY, MED_UNIT, MED_CATEGORY, MED_PRICE, MED_STATUS) VALUES (8001234567907, 123028, 'Azithromycin 500mg', 80, N'Hộp', N'Viên', 4000000.0000, N'Còn hàng');
INSERT INTO MEDICINES (MED_BARCODE, MED_ID, MED_NAME, MED_QTY, MED_UNIT, MED_CATEGORY, MED_PRICE, MED_STATUS) VALUES (8001234567908, 123029, 'Fexofenadine 120mg', 60, N'Lọ', N'Siro', 2700000.0000, N'Còn hàng');
INSERT INTO MEDICINES (MED_BARCODE, MED_ID, MED_NAME, MED_QTY, MED_UNIT, MED_CATEGORY, MED_PRICE, MED_STATUS) VALUES (8001234567909, 123030, 'Simvastatin 20mg', 150, N'Vỉ', N'Viên', 2200000.0000, N'Còn hàng');
INSERT INTO MEDICINES (MED_BARCODE, MED_ID, MED_NAME, MED_QTY, MED_UNIT, MED_CATEGORY, MED_PRICE, MED_STATUS) VALUES (8001234567911, 123032, 'Dexamethasone 4mg', 50, N'Vỉ', N'Viên', 1500000.0000, N'Còn hàng');
INSERT INTO MEDICINES (MED_BARCODE, MED_ID, MED_NAME, MED_QTY, MED_UNIT, MED_CATEGORY, MED_PRICE, MED_STATUS) VALUES (8001234567912, 123033, 'Tamsulosin 0.4mg', 200, N'Lọ', N'Siro', 1900000.0000, N'Còn hàng');
INSERT INTO MEDICINES (MED_BARCODE, MED_ID, MED_NAME, MED_QTY, MED_UNIT, MED_CATEGORY, MED_PRICE, MED_STATUS) VALUES (8001234567913, 123034, 'Lisinopril 10mg', 120, N'Hộp', N'Viên', 2300000.0000, N'Còn hàng');
INSERT INTO MEDICINES (MED_BARCODE, MED_ID, MED_NAME, MED_QTY, MED_UNIT, MED_CATEGORY, MED_PRICE, MED_STATUS) VALUES (8001234567914, 123035, 'Tetracycline 250mg', 60, N'Vỉ', N'Viên', 2500000.0000, N'Còn hàng');
INSERT INTO MEDICINES (MED_BARCODE, MED_ID, MED_NAME, MED_QTY, MED_UNIT, MED_CATEGORY, MED_PRICE, MED_STATUS) VALUES (8001234567915, 123036, 'Atorvastatin 40mg', 100, N'Hộp', N'Viên', 2700000.0000, N'Còn hàng');
INSERT INTO MEDICINES (MED_BARCODE, MED_ID, MED_NAME, MED_QTY, MED_UNIT, MED_CATEGORY, MED_PRICE, MED_STATUS) VALUES (8001234567916, 123037, 'Sildenafil 50mg', 150, N'Vỉ', N'Viên', 3500000.0000, N'Còn hàng');
INSERT INTO MEDICINES (MED_BARCODE, MED_ID, MED_NAME, MED_QTY, MED_UNIT, MED_CATEGORY, MED_PRICE, MED_STATUS) VALUES (8001234567917, 123038, 'Propranolol 40mg', 120, N'Lọ', N'Siro', 2100000.0000, N'Còn hàng');
INSERT INTO MEDICINES (MED_BARCODE, MED_ID, MED_NAME, MED_QTY, MED_UNIT, MED_CATEGORY, MED_PRICE, MED_STATUS) VALUES (8001234567918, 123039, 'Valacyclovir 500mg', 80, N'Vỉ', N'Viên', 2200000.0000, N'Còn hàng');
INSERT INTO MEDICINES (MED_BARCODE, MED_ID, MED_NAME, MED_QTY, MED_UNIT, MED_CATEGORY, MED_PRICE, MED_STATUS) VALUES (8001234567919, 123040, 'Hydrocodone 5mg', 150, N'Hộp', N'Viên', 3000000.0000, N'Còn hàng');
INSERT INTO MEDICINES (MED_BARCODE, MED_ID, MED_NAME, MED_QTY, MED_UNIT, MED_CATEGORY, MED_PRICE, MED_STATUS) VALUES (8001234567920, 123041, 'Chlorpheniramine 4mg', 90, N'Vỉ', N'Viên', 1500000.0000, N'Còn hàng');
INSERT INTO MEDICINES (MED_BARCODE, MED_ID, MED_NAME, MED_QTY, MED_UNIT, MED_CATEGORY, MED_PRICE, MED_STATUS) VALUES (8001234567921, 123042, 'Methylprednisolone 4mg', 60, N'Hộp', N'Viên', 2500000.0000, N'Còn hàng');
INSERT INTO MEDICINES (MED_BARCODE, MED_ID, MED_NAME, MED_QTY, MED_UNIT, MED_CATEGORY, MED_PRICE, MED_STATUS) VALUES (8001234567922, 123043, 'Ceftriaxone 1g', 150, N'Vỉ', N'Viên', 3200000.0000, N'Còn hàng');
INSERT INTO MEDICINES (MED_BARCODE, MED_ID, MED_NAME, MED_QTY, MED_UNIT, MED_CATEGORY, MED_PRICE, MED_STATUS) VALUES (8001234567923, 123044, 'Furosemide 40mg', 200, N'Lọ', N'Siro', 2700000.0000, N'Còn hàng');
INSERT INTO MEDICINES (MED_BARCODE, MED_ID, MED_NAME, MED_QTY, MED_UNIT, MED_CATEGORY, MED_PRICE, MED_STATUS) VALUES (8001234567924, 123045, 'Levothyroxine 100mcg', 120, N'Hộp', N'Viên', 2800000.0000, N'Còn hàng');
INSERT INTO MEDICINES (MED_BARCODE, MED_ID, MED_NAME, MED_QTY, MED_UNIT, MED_CATEGORY, MED_PRICE, MED_STATUS) VALUES (8001234567925, 123046, 'Miconazole 2%', 50, N'Vỉ', N'Kem', 1500000.0000, N'Còn hàng');
INSERT INTO MEDICINES (MED_BARCODE, MED_ID, MED_NAME, MED_QTY, MED_UNIT, MED_CATEGORY, MED_PRICE, MED_STATUS) VALUES (8001234567926, 123047, 'Esomeprazole 40mg', 80, N'Hộp', N'Viên', 3300000.0000, N'Còn hàng');
INSERT INTO MEDICINES (MED_BARCODE, MED_ID, MED_NAME, MED_QTY, MED_UNIT, MED_CATEGORY, MED_PRICE, MED_STATUS) VALUES (8001234567927, 123048, 'Tramadol 50mg', 200, N'Vỉ', N'Viên', 3600000.0000, N'Còn hàng');
INSERT INTO MEDICINES (MED_BARCODE, MED_ID, MED_NAME, MED_QTY, MED_UNIT, MED_CATEGORY, MED_PRICE, MED_STATUS) VALUES (8001234567928, 123049, 'Bisoprolol 5mg', 120, N'Lọ', N'Siro', 2100000.0000, N'Còn hàng');
INSERT INTO MEDICINES (MED_BARCODE, MED_ID, MED_NAME, MED_QTY, MED_UNIT, MED_CATEGORY, MED_PRICE, MED_STATUS) VALUES (8001234567929, 123050, 'Fluoxetine 20mg', 100, N'Hộp', N'Viên', 2900000.0000, N'Còn hàng');

INSERT INTO EMPLOYEE (EMP_ID, EMP_NAME, EMP_SEX, EMP_DATE_OF_BIRTH, EMP_TYPE, EMP_JOB_DATE, EMP_PHONE, EMP_MAIL, EMP_STORE) VALUES ('NV00',N'Nguyễn Quốc Chí', 'Nam', '2005-05-5', 'ADMIN', '2005-05-04', '0909999999', 'ching@gmail.com', NULL);
INSERT INTO EMPLOYEE (EMP_ID, EMP_NAME, EMP_SEX, EMP_DATE_OF_BIRTH, EMP_TYPE, EMP_JOB_DATE, EMP_PHONE, EMP_MAIL, EMP_STORE) VALUES ('NV-1',N'Khăn Vải Khô', 'Nam', '2024-11-15', 'ADMIN', '2005-05-04', '0908888888', 'khanvaikho@gmail.com', NULL);
INSERT INTO EMPLOYEE (EMP_ID, EMP_NAME, EMP_SEX, EMP_DATE_OF_BIRTH, EMP_TYPE, EMP_JOB_DATE, EMP_PHONE, EMP_MAIL, EMP_STORE) VALUES ('NV01',N'Nguyễn Huy Hùng', 'Nam', '1991-11-08', 'PHARMACIST', '2020-05-12', '0945618524', 'hungnh@gmail.com', 'Store 50');
INSERT INTO EMPLOYEE (EMP_ID, EMP_NAME, EMP_SEX, EMP_DATE_OF_BIRTH, EMP_TYPE, EMP_JOB_DATE, EMP_PHONE, EMP_MAIL, EMP_STORE) VALUES ('NV02',N'Phan Ngọc Bửu', 'Nam', '1976-05-17', 'MANAGER', '2018-09-29', '0925644980', 'buupn@gmail.com', 'Store 50');
INSERT INTO EMPLOYEE (EMP_ID, EMP_NAME, EMP_SEX, EMP_DATE_OF_BIRTH, EMP_TYPE, EMP_JOB_DATE, EMP_PHONE, EMP_MAIL, EMP_STORE) VALUES ('NV03',N'Nguyễn Phượng Hồng', N'Nữ', '1987-09-06', 'PHARMACIST', '2020-03-04', '0992441560', 'hongnp@gmail.com', 'Store 6');
INSERT INTO EMPLOYEE (EMP_ID, EMP_NAME, EMP_SEX, EMP_DATE_OF_BIRTH, EMP_TYPE, EMP_JOB_DATE, EMP_PHONE, EMP_MAIL, EMP_STORE) VALUES ('NV04',N'Phan Ngọc Hoa', N'Nữ', '1972-11-13', 'PHARMACIST', '2019-10-12', '0963085240', 'hoapn@gmail.com', 'Store 50');
INSERT INTO EMPLOYEE (EMP_ID, EMP_NAME, EMP_SEX, EMP_DATE_OF_BIRTH, EMP_TYPE, EMP_JOB_DATE, EMP_PHONE, EMP_MAIL, EMP_STORE) VALUES ('NV05',N'Lê Trà Vinh', 'Nam', '1978-11-06', 'PHARMACIST', '2019-12-12', '0972766094', 'vinhlt@gmail.com', 'Store 50');
INSERT INTO EMPLOYEE (EMP_ID, EMP_NAME, EMP_SEX, EMP_DATE_OF_BIRTH, EMP_TYPE, EMP_JOB_DATE, EMP_PHONE, EMP_MAIL, EMP_STORE) VALUES ('NV06',N'Lý Phương Thanh', N'Nữ', '1999-01-18', 'PHARMACIST', '2020-05-12', '0982605784', 'thanglp@gmail.com', 'Store 6');
INSERT INTO EMPLOYEE (EMP_ID, EMP_NAME, EMP_SEX, EMP_DATE_OF_BIRTH, EMP_TYPE, EMP_JOB_DATE, EMP_PHONE, EMP_MAIL, EMP_STORE) VALUES ('NV07',N'Phan Kim My', N'Nữ', '1993-09-12', 'PHARMACIST', '2021-06-06', '0967743437', 'mypk@gmail.com', 'Store 50');
INSERT INTO EMPLOYEE (EMP_ID, EMP_NAME, EMP_SEX, EMP_DATE_OF_BIRTH, EMP_TYPE, EMP_JOB_DATE, EMP_PHONE, EMP_MAIL, EMP_STORE) VALUES ('NV08',N'Phan Thanh Tuấn', 'Nam', '1989-11-14', 'PHARMACIST', '2021-10-25', '0925573661', 'namtt@gmail.com', 'Store 6');
INSERT INTO EMPLOYEE (EMP_ID, EMP_NAME, EMP_SEX, EMP_DATE_OF_BIRTH, EMP_TYPE, EMP_JOB_DATE, EMP_PHONE, EMP_MAIL, EMP_STORE) VALUES ('NV09',N'Nguyễn Kim Ngọc', N'Nữ', '1995-10-08', 'PHARMACIST', '2020-09-09', '0977194844', 'ngocnk@gmail.com', 'Store 6');
INSERT INTO EMPLOYEE (EMP_ID, EMP_NAME, EMP_SEX, EMP_DATE_OF_BIRTH, EMP_TYPE, EMP_JOB_DATE, EMP_PHONE, EMP_MAIL, EMP_STORE) VALUES ('NV10',N'Lý Kim Hà', N'Nữ', '1994-07-14', 'MANAGER', '2020-02-27', '0909492594', 'halk@gmail.com', 'Store 6');
INSERT INTO EMPLOYEE (EMP_ID, EMP_NAME, EMP_SEX, EMP_DATE_OF_BIRTH, EMP_TYPE, EMP_JOB_DATE, EMP_PHONE, EMP_MAIL, EMP_STORE) VALUES ('NV11', N'Trần Thị Hoa', N'Nữ', '1990-12-05', 'PHARMACIST', '2020-09-14', '0901234568', 'hoatt@gmail.com', 'Store 25');
INSERT INTO EMPLOYEE (EMP_ID, EMP_NAME, EMP_SEX, EMP_DATE_OF_BIRTH, EMP_TYPE, EMP_JOB_DATE, EMP_PHONE, EMP_MAIL, EMP_STORE) VALUES ('NV12', N'Nguyễn Văn Khải', 'Nam', '1987-03-23', 'MANAGER', '2019-04-20', '0918547632', 'khainv@gmail.com', 'Store 25');
INSERT INTO EMPLOYEE (EMP_ID, EMP_NAME, EMP_SEX, EMP_DATE_OF_BIRTH, EMP_TYPE, EMP_JOB_DATE, EMP_PHONE, EMP_MAIL, EMP_STORE) VALUES ('NV13', N'Trần Văn Minh', 'Nam', '1985-03-15', 'PHARMACIST', '2022-02-01', '0971543562', 'minhtv@gmail.com', 'Store 6');
INSERT INTO EMPLOYEE (EMP_ID, EMP_NAME, EMP_SEX, EMP_DATE_OF_BIRTH, EMP_TYPE, EMP_JOB_DATE, EMP_PHONE, EMP_MAIL, EMP_STORE) VALUES ('NV14', N'Lê Thị Hồng', N'Nữ', '1990-07-20', 'MANAGER', '2017-12-15', '0912458756', 'honglt@gmail.com', 'Store 3');
INSERT INTO EMPLOYEE (EMP_ID, EMP_NAME, EMP_SEX, EMP_DATE_OF_BIRTH, EMP_TYPE, EMP_JOB_DATE, EMP_PHONE, EMP_MAIL, EMP_STORE) VALUES ('NV15', N'Nguyễn Văn Quý', 'Nam', '1993-01-10', 'PHARMACIST', '2020-03-18', '0937459823', 'quynv@gmail.com', 'Store 9');
INSERT INTO EMPLOYEE (EMP_ID, EMP_NAME, EMP_SEX, EMP_DATE_OF_BIRTH, EMP_TYPE, EMP_JOB_DATE, EMP_PHONE, EMP_MAIL, EMP_STORE) VALUES ('NV16', N'Hoàng Thanh Trúc', N'Nữ', '1988-04-09', 'MANAGER', '2019-06-20', '0901234567', 'trucht@gmail.com', 'Store 25');
INSERT INTO EMPLOYEE (EMP_ID, EMP_NAME, EMP_SEX, EMP_DATE_OF_BIRTH, EMP_TYPE, EMP_JOB_DATE, EMP_PHONE, EMP_MAIL, EMP_STORE) VALUES ('NV17', N'Phạm Hữu Tín', 'Nam', '1992-09-13', 'PHARMACIST', '2021-11-25', '0985231467', 'tinhp@gmail.com', 'Store 50');
INSERT INTO EMPLOYEE (EMP_ID, EMP_NAME, EMP_SEX, EMP_DATE_OF_BIRTH, EMP_TYPE, EMP_JOB_DATE, EMP_PHONE, EMP_MAIL, EMP_STORE) VALUES ('NV18', N'Đặng Thị Lan', N'Nữ', '1982-08-16', 'MANAGER', '2016-08-03', '0947538621', 'landt@gmail.com', 'Store 6');
INSERT INTO EMPLOYEE (EMP_ID, EMP_NAME, EMP_SEX, EMP_DATE_OF_BIRTH, EMP_TYPE, EMP_JOB_DATE, EMP_PHONE, EMP_MAIL, EMP_STORE) VALUES ('NV19', N'Nguyễn Hoàng Long', 'Nam', '1995-05-22', 'PHARMACIST', '2021-05-15', '0978451236', 'longnh@gmail.com', 'Store 3');
INSERT INTO EMPLOYEE (EMP_ID, EMP_NAME, EMP_SEX, EMP_DATE_OF_BIRTH, EMP_TYPE, EMP_JOB_DATE, EMP_PHONE, EMP_MAIL, EMP_STORE) VALUES ('NV20', N'Vũ Thị Mai', N'Nữ', '1987-12-01', 'MANAGER', '2019-03-10', '0932567418', 'maivt@gmail.com', 'Store 9');
INSERT INTO EMPLOYEE (EMP_ID, EMP_NAME, EMP_SEX, EMP_DATE_OF_BIRTH, EMP_TYPE, EMP_JOB_DATE, EMP_PHONE, EMP_MAIL, EMP_STORE) VALUES ('NV21', N'Nguyễn Hữu Nam', 'Nam', '1990-10-10', 'PHARMACIST', '2020-07-01', '0985467831', 'namnh@gmail.com', 'Store 25');
INSERT INTO EMPLOYEE (EMP_ID, EMP_NAME, EMP_SEX, EMP_DATE_OF_BIRTH, EMP_TYPE, EMP_JOB_DATE, EMP_PHONE, EMP_MAIL, EMP_STORE) VALUES ('NV22', N'Lê Văn Hải', 'Nam', '1980-02-28', 'MANAGER', '2015-11-20', '0914563789', 'hailv@gmail.com', 'Store 50');
INSERT INTO EMPLOYEE (EMP_ID, EMP_NAME, EMP_SEX, EMP_DATE_OF_BIRTH, EMP_TYPE, EMP_JOB_DATE, EMP_PHONE, EMP_MAIL, EMP_STORE) VALUES ('NV23', N'Ngô Minh Châu', N'Nữ', '1992-11-18', 'PHARMACIST', '2022-01-10', '0905468973', 'chaunm@gmail.com', 'Store 6');
INSERT INTO EMPLOYEE (EMP_ID, EMP_NAME, EMP_SEX, EMP_DATE_OF_BIRTH, EMP_TYPE, EMP_JOB_DATE, EMP_PHONE, EMP_MAIL, EMP_STORE) VALUES ('NV24', N'Phạm Thị Tuyết', N'Nữ', '1986-03-19', 'MANAGER', '2018-07-14', '0916234785', 'tuyettp@gmail.com', 'Store 3');
INSERT INTO EMPLOYEE (EMP_ID, EMP_NAME, EMP_SEX, EMP_DATE_OF_BIRTH, EMP_TYPE, EMP_JOB_DATE, EMP_PHONE, EMP_MAIL, EMP_STORE) VALUES ('NV25', N'Đỗ Văn Quân', 'Nam', '1994-06-12', 'PHARMACIST', '2020-12-22', '0932586741', 'quandv@gmail.com', 'Store 9');
INSERT INTO EMPLOYEE (EMP_ID, EMP_NAME, EMP_SEX, EMP_DATE_OF_BIRTH, EMP_TYPE, EMP_JOB_DATE, EMP_PHONE, EMP_MAIL, EMP_STORE) VALUES ('NV26', N'Trịnh Hoàng Lan', N'Nữ', '1989-01-25', 'MANAGER', '2020-02-05', '0942156874', 'lanth@gmail.com', 'Store 25');
INSERT INTO EMPLOYEE (EMP_ID, EMP_NAME, EMP_SEX, EMP_DATE_OF_BIRTH, EMP_TYPE, EMP_JOB_DATE, EMP_PHONE, EMP_MAIL, EMP_STORE) VALUES ('NV27', N'Nguyễn Tuấn Phong', 'Nam', '1996-08-05', 'PHARMACIST', '2021-08-08', '0987123456', 'phongnt@gmail.com', 'Store 50');
INSERT INTO EMPLOYEE (EMP_ID, EMP_NAME, EMP_SEX, EMP_DATE_OF_BIRTH, EMP_TYPE, EMP_JOB_DATE, EMP_PHONE, EMP_MAIL, EMP_STORE) VALUES ('NV28', N'Lê Thị Ngọc', N'Nữ', '1991-09-27', 'MANAGER', '2017-06-01', '0925473618', 'ngoclth@gmail.com', 'Store 6');
INSERT INTO EMPLOYEE (EMP_ID, EMP_NAME, EMP_SEX, EMP_DATE_OF_BIRTH, EMP_TYPE, EMP_JOB_DATE, EMP_PHONE, EMP_MAIL, EMP_STORE) VALUES ('NV29', N'Bùi Đức Thành', 'Nam', '1998-04-11', 'PHARMACIST', '2022-04-10', '0946235478', 'thanhbd@gmail.com', 'Store 3');
INSERT INTO EMPLOYEE (EMP_ID, EMP_NAME, EMP_SEX, EMP_DATE_OF_BIRTH, EMP_TYPE, EMP_JOB_DATE, EMP_PHONE, EMP_MAIL, EMP_STORE) VALUES ('NV30', N'Phạm Thị Hồng', N'Nữ', '1985-10-18', 'MANAGER', '2016-10-12', '0937148523', 'hongpth@gmail.com', 'Store 9');


INSERT INTO PURCHASE (P_ID, SUP_ID, MED_ID, P_QTY, P_UNIT, P_COST, PUR_DATE, MFG_DATE, EXP_DATE, P_STATUS) VALUES (1001, 'XYZ123', 123001, 200, N'Vỉ', 1500.50, '2020-03-01', '2019-05-05', '2021-05-10', N'Đã giao');
INSERT INTO PURCHASE (P_ID, SUP_ID, MED_ID, P_QTY, P_UNIT, P_COST, PUR_DATE, MFG_DATE, EXP_DATE, P_STATUS) VALUES (1002, 'ABC136', 123002, 1000, N'Vỉ', 1500.50, '2020-03-01', NULL, NULL, N'Chưa giao');
INSERT INTO PURCHASE (P_ID, SUP_ID, MED_ID, P_QTY, P_UNIT, P_COST, PUR_DATE, MFG_DATE, EXP_DATE, P_STATUS) VALUES (1003, 'DPL145', 123003, 20, N'Vỉ', 1500.50, '2020-03-01', NULL, NULL, N'Chưa giao');
INSERT INTO PURCHASE (P_ID, SUP_ID, MED_ID, P_QTY, P_UNIT, P_COST, PUR_DATE, MFG_DATE, EXP_DATE, P_STATUS) VALUES (1004, 'MHP162', 123004, 250, N'Vỉ', 1500.50, '2020-03-01', NULL, NULL, N'Chưa giao');
INSERT INTO PURCHASE (P_ID, SUP_ID, MED_ID, P_QTY, P_UNIT, P_COST, PUR_DATE, MFG_DATE, EXP_DATE, P_STATUS) VALUES (1005, 'MA156', 123005, 200, N'Vỉ', 1500.50, '2020-03-01', NULL, NULL, N'Chưa giao');
INSERT INTO PURCHASE (P_ID, SUP_ID, MED_ID, P_QTY, P_UNIT, P_COST, PUR_DATE, MFG_DATE, EXP_DATE, P_STATUS) VALUES (1006, 'XYZ123', 123006, 500, N'Vỉ', 1500.50, '2020-03-01', NULL, NULL, N'Chưa giao');
INSERT INTO PURCHASE (P_ID, SUP_ID, MED_ID, P_QTY, P_UNIT, P_COST, PUR_DATE, MFG_DATE, EXP_DATE, P_STATUS) VALUES (1007, 'ABC136', 123007, 500, N'Vỉ', 1500.50, '2020-03-01', NULL, NULL, N'Chưa giao');
																																			
INSERT INTO SALES(S_ID, C_ID, S_DATE, S_TIME, S_AMT, EMP_ID) VALUES (1, 'KH01', '2020-04-15', '13:23:03', 4569844.34, 'NV09');
INSERT INTO SALES (S_ID, C_ID, S_DATE, S_TIME, S_AMT, EMP_ID) VALUES (2, 'KH02', '2020-04-21', '20:19:31', 14851994.10, 'NV04');
INSERT INTO SALES (S_ID, C_ID, S_DATE, S_TIME, S_AMT, EMP_ID) VALUES (3, 'KH03', '2020-04-15', '11:23:53', 3046562.89, 'NV10');
INSERT INTO SALES (S_ID, C_ID, S_DATE, S_TIME, S_AMT, EMP_ID) VALUES (4, 'KH04', '2020-04-14', '18:20:00', 24245563.04, 'NV06');
INSERT INTO SALES (S_ID, C_ID, S_DATE, S_TIME, S_AMT, EMP_ID) VALUES (5, 'KH03', '2020-04-21', '15:24:43', 1142461.08, 'NV04');
INSERT INTO SALES (S_ID, C_ID, S_DATE, S_TIME, S_AMT, EMP_ID) VALUES (6, 'KH02', '2020-03-11', '10:24:43', 3554323.375, 'NV01');
INSERT INTO SALES (S_ID, C_ID, S_DATE, S_TIME, S_AMT, EMP_ID) VALUES (7, 'KH05', '2020-04-24', '00:25:54', 8885808.44, 'NV04');
INSERT INTO SALES (S_ID, C_ID, S_DATE, S_TIME, S_AMT, EMP_ID) VALUES (8, 'KH05', '2020-04-24', '00:47:47', 888580.84, 'NV01');
INSERT INTO SALES (S_ID, C_ID, S_DATE, S_TIME, S_AMT, EMP_ID) VALUES (12, 'KH03', '2020-04-24', '19:33:16', 1523281.44, 'NV04');
INSERT INTO SALES (S_ID, C_ID, S_DATE, S_TIME, S_AMT, EMP_ID) VALUES (13, 'KH04', '2020-04-24', '21:15:56', 1586751.50, 'NV01');
INSERT INTO SALES (S_ID, C_ID, S_DATE, S_TIME, S_AMT, EMP_ID) VALUES (15, 'KH05', '2020-12-04', '18:39:46', 10662970.12, 'NV08');
INSERT INTO SALES (S_ID, C_ID, S_DATE, S_TIME, S_AMT, EMP_ID) VALUES (16, 'KH01', '2020-12-04', '18:52:21', 761640.72, 'NV02');
INSERT INTO SALES (S_ID, C_ID, S_DATE, S_TIME, S_AMT, EMP_ID) VALUES (17, 'KH02', '2020-12-04', '19:35:56', 1459811.38, 'NV07');
INSERT INTO SALES (S_ID, C_ID, S_DATE, S_TIME, S_AMT, EMP_ID) VALUES (18, 'KH01', '2020-12-04', '19:36:56', 4062083.86, 'NV05');
INSERT INTO SALES (S_ID, C_ID, S_DATE, S_TIME, S_AMT, EMP_ID) VALUES (20, 'KH04', '2020-12-04', '22:53:18', 3808203.61, 'NV06');
---
INSERT INTO SALES(S_ID, C_ID, S_DATE, S_TIME, S_AMT, EMP_ID) VALUES (9, 'KH05', '2022-06-15', '10:12:43', 4811190.62, 'NV12');
INSERT INTO SALES(S_ID, C_ID, S_DATE, S_TIME, S_AMT, EMP_ID) VALUES (10, 'KH01', '2023-11-19', '14:32:10', 4003436.61, 'NV08');
INSERT INTO SALES(S_ID, C_ID, S_DATE, S_TIME, S_AMT, EMP_ID) VALUES (11, 'KH11', '2021-03-09', '09:27:35', 3692200.05, 'NV03');
INSERT INTO SALES(S_ID, C_ID, S_DATE, S_TIME, S_AMT, EMP_ID) VALUES (14, 'KH09', '2024-02-25', '16:45:50', 3824558.72, 'NV25');
INSERT INTO SALES(S_ID, C_ID, S_DATE, S_TIME, S_AMT, EMP_ID) VALUES (19, 'KH04', '2022-08-14', '11:15:20', 4008532.85, 'NV17');
INSERT INTO SALES(S_ID, C_ID, S_DATE, S_TIME, S_AMT, EMP_ID) VALUES (21, 'KH03', '2023-12-07', '08:30:15', 6873096.90, 'NV19');
INSERT INTO SALES(S_ID, C_ID, S_DATE, S_TIME, S_AMT, EMP_ID) VALUES (22, 'KH12', '2021-05-10', '13:05:50', 2895875.71, 'NV02');
INSERT INTO SALES(S_ID, C_ID, S_DATE, S_TIME, S_AMT, EMP_ID) VALUES (23, 'KH14', '2024-01-18', '17:20:45', 4852811.08, 'NV29');
INSERT INTO SALES(S_ID, C_ID, S_DATE, S_TIME, S_AMT, EMP_ID) VALUES (24, 'KH08', '2023-10-21', '12:00:00', 2458572.62, 'NV13');
INSERT INTO SALES(S_ID, C_ID, S_DATE, S_TIME, S_AMT, EMP_ID) VALUES (25, 'KH07', '2022-03-03', '09:18:36', 5400552.51, 'NV26');
INSERT INTO SALES(S_ID, C_ID, S_DATE, S_TIME, S_AMT, EMP_ID) VALUES (26, 'KH02', '2021-11-12', '15:44:29', 2396441.61, 'NV30');
INSERT INTO SALES(S_ID, C_ID, S_DATE, S_TIME, S_AMT, EMP_ID) VALUES (27, 'KH10', '2024-04-01', '18:30:00', 1058949.18, 'NV05');
INSERT INTO SALES(S_ID, C_ID, S_DATE, S_TIME, S_AMT, EMP_ID) VALUES (28, 'KH15', '2023-07-04', '13:50:05', 2598923.54, 'NV06');
INSERT INTO SALES(S_ID, C_ID, S_DATE, S_TIME, S_AMT, EMP_ID) VALUES (29, 'KH06', '2022-10-22', '10:05:14', 3866929.24, 'NV11');
INSERT INTO SALES(S_ID, C_ID, S_DATE, S_TIME, S_AMT, EMP_ID) VALUES (30, 'KH13', '2024-09-08', '09:10:20', 3937855.81, 'NV20');
INSERT INTO SALES(S_ID, C_ID, S_DATE, S_TIME, S_AMT, EMP_ID) VALUES (31, 'KH01', '2021-01-29', '16:55:33', 4076171.82, 'NV23');
INSERT INTO SALES(S_ID, C_ID, S_DATE, S_TIME, S_AMT, EMP_ID) VALUES (33, 'KH05', '2023-05-30', '11:45:55', 3729194.91, 'NV18');
INSERT INTO SALES(S_ID, C_ID, S_DATE, S_TIME, S_AMT, EMP_ID) VALUES (34, 'KH10', '2024-12-12', '17:25:10', 1857378.58, 'NV07');
INSERT INTO SALES(S_ID, C_ID, S_DATE, S_TIME, S_AMT, EMP_ID) VALUES (35, 'KH13', '2023-03-27', '10:48:27', 4257877.26, 'NV21');
INSERT INTO SALES(S_ID, C_ID, S_DATE, S_TIME, S_AMT, EMP_ID) VALUES (36, 'KH04', '2022-09-15', '14:15:20', 4875571.97, 'NV14');
INSERT INTO SALES(S_ID, C_ID, S_DATE, S_TIME, S_AMT, EMP_ID) VALUES (37, 'KH06', '2021-02-07', '13:23:45', 4118177.65, 'NV22');
INSERT INTO SALES(S_ID, C_ID, S_DATE, S_TIME, S_AMT, EMP_ID) VALUES (38, 'KH11', '2024-06-18', '12:15:00', 3359386.33, 'NV27');
INSERT INTO SALES(S_ID, C_ID, S_DATE, S_TIME, S_AMT, EMP_ID) VALUES (39, 'KH02', '2023-11-09', '18:45:22', 4441955.13, 'NV28');
INSERT INTO SALES(S_ID, C_ID, S_DATE, S_TIME, S_AMT, EMP_ID) VALUES (40, 'KH09', '2021-04-16', '09:25:47', 1822277.47, 'NV09');
INSERT INTO SALES(S_ID, C_ID, S_DATE, S_TIME, S_AMT, EMP_ID) VALUES (41, 'KH03', '2024-08-30', '08:30:13', 2708950.50, 'NV24');
INSERT INTO SALES(S_ID, C_ID, S_DATE, S_TIME, S_AMT, EMP_ID) VALUES (42, 'KH07', '2022-07-20', '11:45:33', 2210106.63, 'NV10');
INSERT INTO SALES(S_ID, C_ID, S_DATE, S_TIME, S_AMT, EMP_ID) VALUES (43, 'KH12', '2023-10-17', '17:05:45', 3567616.47, 'NV15');
INSERT INTO SALES(S_ID, C_ID, S_DATE, S_TIME, S_AMT, EMP_ID) VALUES (44, 'KH08', '2024-11-13', '15:30:00', 2137759.42, 'NV04');
INSERT INTO SALES(S_ID, C_ID, S_DATE, S_TIME, S_AMT, EMP_ID) VALUES (45, 'KH14', '2021-06-21', '09:50:27', 2879813.11, 'NV16');
INSERT INTO SALES(S_ID, C_ID, S_DATE, S_TIME, S_AMT, EMP_ID) VALUES (46, 'KH15', '2022-05-11', '18:25:17', 4565279.89, 'NV01');
INSERT INTO SALES(S_ID, C_ID, S_DATE, S_TIME, S_AMT, EMP_ID) VALUES (47, 'KH05', '2023-02-03', '10:30:22', 2780283.27, 'NV03');
INSERT INTO SALES(S_ID, C_ID, S_DATE, S_TIME, S_AMT, EMP_ID) VALUES (48, 'KH01', '2024-03-14', '11:15:50', 3204442.51, 'NV19');
INSERT INTO SALES(S_ID, C_ID, S_DATE, S_TIME, S_AMT, EMP_ID) VALUES (49, 'KH09', '2021-08-09', '17:55:33', 3379911.63, 'NV13');
INSERT INTO SALES(S_ID, C_ID, S_DATE, S_TIME, S_AMT, EMP_ID) VALUES (50, 'KH04', '2022-12-25', '14:40:50', 3448089.41, 'NV08');



INSERT INTO SALES_ITEMS (S_ID, MED_NAME, ST_QTY, ST_UNIT, TOTAL_PRICE) VALUES (1, 'Dolo 650 MG', 20, N'Vỉ', 507760.48);
INSERT INTO SALES_ITEMS (S_ID, MED_NAME, ST_QTY, ST_UNIT, TOTAL_PRICE) VALUES (1, 'Augmentin 250 ML', 2,N'Vỉ', 4062083.86);
INSERT INTO SALES_ITEMS (S_ID, MED_NAME, ST_QTY, ST_UNIT, TOTAL_PRICE) VALUES (2, 'Livogen', 75,N'Vỉ', 5712305.42);
INSERT INTO SALES_ITEMS (S_ID, MED_NAME, ST_QTY, ST_UNIT, TOTAL_PRICE) VALUES (2, 'Cyclopam', 60,N'Vỉ', 9139688.68);
INSERT INTO SALES_ITEMS (S_ID, MED_NAME, ST_QTY, ST_UNIT, TOTAL_PRICE) VALUES (3, 'Vitamic C', 40,N'Vỉ', 3046562.89);
INSERT INTO SALES_ITEMS (S_ID, MED_NAME, ST_QTY, ST_UNIT, TOTAL_PRICE) VALUES (4, 'Concur 5 MG', 250,N'Vỉ', 22214521.11);
INSERT INTO SALES_ITEMS (S_ID, MED_NAME, ST_QTY, ST_UNIT, TOTAL_PRICE) VALUES (4, 'Augmentin 250 ML', 1,N'Vỉ', 2031041.93);
INSERT INTO SALES_ITEMS (S_ID, MED_NAME, ST_QTY, ST_UNIT, TOTAL_PRICE) VALUES (5, 'Dolo 650 MG', 45,N'Vỉ', 1142461.08)
INSERT INTO SALES_ITEMS (S_ID, MED_NAME, ST_QTY, ST_UNIT, TOTAL_PRICE) VALUES (6, 'Benadryl 200 ML', 2,N'Vỉ', 2538802.41);
INSERT INTO SALES_ITEMS (S_ID, MED_NAME, ST_QTY, ST_UNIT, TOTAL_PRICE) VALUES (6, 'Omeprazole', 10,N'Vỉ', 1015520.9651);
INSERT INTO SALES_ITEMS (S_ID, MED_NAME, ST_QTY, ST_UNIT, TOTAL_PRICE) VALUES (7, 'Dolo 650 MG', 100,N'Vỉ', 2538802.41);
INSERT INTO SALES_ITEMS (S_ID, MED_NAME, ST_QTY, ST_UNIT, TOTAL_PRICE) VALUES (7, 'Livogen', 50,N'Vỉ', 6347006.03);
INSERT INTO SALES_ITEMS (S_ID, MED_NAME, ST_QTY, ST_UNIT, TOTAL_PRICE) VALUES (8, 'Dolo 650 MG', 10,N'Vỉ', 253880.24);
INSERT INTO SALES_ITEMS (S_ID, MED_NAME, ST_QTY, ST_UNIT, TOTAL_PRICE) VALUES (8, 'Panadol Cold & Flu', 10,N'Vỉ', 634700.60);
INSERT INTO SALES_ITEMS (S_ID, MED_NAME, ST_QTY, ST_UNIT, TOTAL_PRICE) VALUES (12, 'Cyclopam', 10,N'Vỉ', 1523281.44);
INSERT INTO SALES_ITEMS (S_ID, MED_NAME, ST_QTY, ST_UNIT, TOTAL_PRICE) VALUES (13, 'Panadol Cold & Flu', 25,N'Vỉ', 1586751.50);
INSERT INTO SALES_ITEMS (S_ID, MED_NAME, ST_QTY, ST_UNIT, TOTAL_PRICE) VALUES (15, 'Cyclopam', 45,N'Vỉ', 6854766.51);
INSERT INTO SALES_ITEMS (S_ID, MED_NAME, ST_QTY, ST_UNIT, TOTAL_PRICE) VALUES (15, 'Benadryl 200 ML', 3,N'Vỉ', 3808203.61);
INSERT INTO SALES_ITEMS (S_ID, MED_NAME, ST_QTY, ST_UNIT, TOTAL_PRICE) VALUES (16, 'Vitamic C', 10,N'Vỉ', 761640.72);
INSERT INTO SALES_ITEMS (S_ID, MED_NAME, ST_QTY, ST_UNIT, TOTAL_PRICE) VALUES (17, 'Gelusil', 10,N'Vỉ', 317350.30);
INSERT INTO SALES_ITEMS (S_ID, MED_NAME, ST_QTY, ST_UNIT, TOTAL_PRICE) VALUES (17, 'Lopamide', 5,N'Vỉ', 634700.60);
INSERT INTO SALES_ITEMS (S_ID, MED_NAME, ST_QTY, ST_UNIT, TOTAL_PRICE) VALUES (17, 'Omeprazole', 5,N'Vỉ', 507760.48);
INSERT INTO SALES_ITEMS (S_ID, MED_NAME, ST_QTY, ST_UNIT, TOTAL_PRICE) VALUES (18, 'Augmentin 250 ML', 2,N'Vỉ', 4062083.86);
INSERT INTO SALES_ITEMS (S_ID, MED_NAME, ST_QTY, ST_UNIT, TOTAL_PRICE) VALUES (20, 'Cyclopam', 25,N'Vỉ', 3808203.61);

--
INSERT INTO SALES_ITEMS (S_ID, MED_NAME, ST_QTY, ST_UNIT, TOTAL_PRICE) VALUES (9, 'Furosemide 40mg', 1, N'Vỉ', 4811190.62);
INSERT INTO SALES_ITEMS (S_ID, MED_NAME, ST_QTY, ST_UNIT, TOTAL_PRICE) VALUES (21, 'Cetirizine 10mg', 5, N'Lọ', 3541407.0);
INSERT INTO SALES_ITEMS (S_ID, MED_NAME, ST_QTY, ST_UNIT, TOTAL_PRICE) VALUES (23, 'Loratadine 10mg', 6, N'Hộp', 2581724.9);
INSERT INTO SALES_ITEMS (S_ID, MED_NAME, ST_QTY, ST_UNIT, TOTAL_PRICE) VALUES (25, 'Tramadol 50mg', 2, N'Vỉ', 2573118.95);
INSERT INTO SALES_ITEMS (S_ID, MED_NAME, ST_QTY, ST_UNIT, TOTAL_PRICE) VALUES (30, 'Propranolol 40mg', 5, N'Hộp', 3937855.81);
INSERT INTO SALES_ITEMS (S_ID, MED_NAME, ST_QTY, ST_UNIT, TOTAL_PRICE) VALUES (11, 'Miconazole 2%', 4, N'Vỉ', 3692200.05);
INSERT INTO SALES_ITEMS (S_ID, MED_NAME, ST_QTY, ST_UNIT, TOTAL_PRICE) VALUES (14, 'Valacyclovir 500mg', 5, N'Vỉ', 3824558.72);
INSERT INTO SALES_ITEMS (S_ID, MED_NAME, ST_QTY, ST_UNIT, TOTAL_PRICE) VALUES (33, 'Metformin 500mg', 2, N'Vỉ', 3729194.91);
INSERT INTO SALES_ITEMS (S_ID, MED_NAME, ST_QTY, ST_UNIT, TOTAL_PRICE) VALUES (19, 'Diphenhydramine 25mg', 9, N'Vỉ', 4008532.85);
INSERT INTO SALES_ITEMS (S_ID, MED_NAME, ST_QTY, ST_UNIT, TOTAL_PRICE) VALUES (34, 'Lorazepam 1mg', 8, N'Vỉ', 1857378.58);
INSERT INTO SALES_ITEMS (S_ID, MED_NAME, ST_QTY, ST_UNIT, TOTAL_PRICE) VALUES (36, 'Tamsulosin 0.4mg', 8, N'Vỉ', 4875571.97);
INSERT INTO SALES_ITEMS (S_ID, MED_NAME, ST_QTY, ST_UNIT, TOTAL_PRICE) VALUES (38, 'Omeprazole', 6, N'Vỉ', 3359386.33);
INSERT INTO SALES_ITEMS (S_ID, MED_NAME, ST_QTY, ST_UNIT, TOTAL_PRICE) VALUES (29, 'Tetracycline 250mg', 10, N'Vỉ', 1695963.77);
INSERT INTO SALES_ITEMS (S_ID, MED_NAME, ST_QTY, ST_UNIT, TOTAL_PRICE) VALUES (37, 'Tramadol 50mg', 9, N'Vỉ', 4118177.65);
INSERT INTO SALES_ITEMS (S_ID, MED_NAME, ST_QTY, ST_UNIT, TOTAL_PRICE) VALUES (44, 'Clindamycin 150mg', 8, N'Hộp', 2137759.42);
INSERT INTO SALES_ITEMS (S_ID, MED_NAME, ST_QTY, ST_UNIT, TOTAL_PRICE) VALUES (42, 'Simvastatin 20mg', 8, N'Vỉ', 2210106.63);
INSERT INTO SALES_ITEMS (S_ID, MED_NAME, ST_QTY, ST_UNIT, TOTAL_PRICE) VALUES (47, 'Furosemide 40mg', 4, N'Vỉ', 2780283.27);
INSERT INTO SALES_ITEMS (S_ID, MED_NAME, ST_QTY, ST_UNIT, TOTAL_PRICE) VALUES (41, 'Azithromycin 500mg', 6, N'Hộp', 2708950.5);
INSERT INTO SALES_ITEMS (S_ID, MED_NAME, ST_QTY, ST_UNIT, TOTAL_PRICE) VALUES (22, 'Chlorpheniramine 4mg', 3, N'Vỉ', 1160248.27);
INSERT INTO SALES_ITEMS (S_ID, MED_NAME, ST_QTY, ST_UNIT, TOTAL_PRICE) VALUES (50, 'Ciprofloxacin 500mg', 7, N'Vỉ', 3448089.41);
INSERT INTO SALES_ITEMS (S_ID, MED_NAME, ST_QTY, ST_UNIT, TOTAL_PRICE) VALUES (35, 'Ceftriaxone 1g', 4, N'Vỉ', 4257877.26);
INSERT INTO SALES_ITEMS (S_ID, MED_NAME, ST_QTY, ST_UNIT, TOTAL_PRICE) VALUES (28, 'Lorazepam 1mg', 6, N'Hộp', 2598923.54);
INSERT INTO SALES_ITEMS (S_ID, MED_NAME, ST_QTY, ST_UNIT, TOTAL_PRICE) VALUES (46, 'Diphenhydramine 25mg', 7, N'Vỉ', 4565279.89);
INSERT INTO SALES_ITEMS (S_ID, MED_NAME, ST_QTY, ST_UNIT, TOTAL_PRICE) VALUES (39, 'Methylprednisolone 4mg', 3, N'Vỉ', 4441955.13);
INSERT INTO SALES_ITEMS (S_ID, MED_NAME, ST_QTY, ST_UNIT, TOTAL_PRICE) VALUES (43, 'Doxycycline 100mg', 4, N'Vỉ', 3567616.47);
INSERT INTO SALES_ITEMS (S_ID, MED_NAME, ST_QTY, ST_UNIT, TOTAL_PRICE) VALUES (25, 'Amoxicillin 250mg', 6, N'Vỉ', 2827433.56);
INSERT INTO SALES_ITEMS (S_ID, MED_NAME, ST_QTY, ST_UNIT, TOTAL_PRICE) VALUES (26, 'Doxycycline 100mg', 10, N'Vỉ', 2396441.61);
INSERT INTO SALES_ITEMS (S_ID, MED_NAME, ST_QTY, ST_UNIT, TOTAL_PRICE) VALUES (24, 'Ibuprofen 400mg', 8, N'Hộp', 2458572.62);
INSERT INTO SALES_ITEMS (S_ID, MED_NAME, ST_QTY, ST_UNIT, TOTAL_PRICE) VALUES (48, 'Tamsulosin 0.4mg', 7, N'Vỉ', 3204442.51);
INSERT INTO SALES_ITEMS (S_ID, MED_NAME, ST_QTY, ST_UNIT, TOTAL_PRICE) VALUES (49, 'Atorvastatin 40mg', 6, N'Hộp', 3379911.63);
INSERT INTO SALES_ITEMS (S_ID, MED_NAME, ST_QTY, ST_UNIT, TOTAL_PRICE) VALUES (10, 'Levothyroxine 100mcg', 7, N'Vỉ', 4003436.61);
INSERT INTO SALES_ITEMS (S_ID, MED_NAME, ST_QTY, ST_UNIT, TOTAL_PRICE) VALUES (45, 'Aspirin 100mg', 10, N'Vỉ', 2879813.11);
INSERT INTO SALES_ITEMS (S_ID, MED_NAME, ST_QTY, ST_UNIT, TOTAL_PRICE) VALUES (40, 'Simvastatin 20mg', 2, N'Vỉ', 1822277.47);
INSERT INTO SALES_ITEMS (S_ID, MED_NAME, ST_QTY, ST_UNIT, TOTAL_PRICE) VALUES (27, 'Clindamycin 150mg', 9, N'Vỉ', 1058949.18);
INSERT INTO SALES_ITEMS (S_ID, MED_NAME, ST_QTY, ST_UNIT, TOTAL_PRICE) VALUES (23, 'Prednisolone 5mg', 4, N'Lọ', 2271086.18);
INSERT INTO SALES_ITEMS (S_ID, MED_NAME, ST_QTY, ST_UNIT, TOTAL_PRICE) VALUES (22, 'Benadryl 200 ML', 3, N'Vỉ', 1735627.44);
INSERT INTO SALES_ITEMS (S_ID, MED_NAME, ST_QTY, ST_UNIT, TOTAL_PRICE) VALUES (21, 'Benadryl 200 ML', 10, N'Vỉ', 3331689.9);
INSERT INTO SALES_ITEMS (S_ID, MED_NAME, ST_QTY, ST_UNIT, TOTAL_PRICE) VALUES (31, 'Doxycycline 100mg', 2, N'Vỉ', 4076171.82);
INSERT INTO SALES_ITEMS (S_ID, MED_NAME, ST_QTY, ST_UNIT, TOTAL_PRICE) VALUES (29, 'Salbutamol 100mcg', 2, N'Vỉ', 2170965.47);



